title,abstract,section
Fresh Hope That a Stolen Caravaggio ‘Nativity’ Could Be Found,A Mafia turncoat said that a painting taken nearly 50 years ago in Palermo may have been cut into pieces and sold by a Swiss art dealer.,Arts
‘Arrested Development’: We Sat Down With the Cast. It Got Raw.,"In a wide-ranging conversation about the new season, cast members became emotional as they discussed accusations of sexual misconduct against Jeffrey Tambor.",Arts
"About Samantha Bee, Ivanka Trump and That Word",A conversation about that thing Samantha Bee said about Ivanka Trump. You know. THAT thing.,Arts
Jason Bateman Apologizes to Jessica Walter Over Jeffrey Tambor Comments,"Mr. Bateman and an “Arrested Development” co-star, Tony Hale, issued apologies on Thursday after critics said they excused Mr. Tambor’s abusive on-set behavior.",Arts
Oneohtrix Point Never’s Quest to Make Music That Freaks People Out,"The electronic composer Daniel Lopatin prefers difficult concepts and challenging sounds. His new album, “Age Of,” continues his “perpetual state of disbelief.”",Arts
"O’Keeffe’s Paradise, Lost and Found","Maui, Wowee: Georgia O’Keeffe’s largely unknown Hawaiian paintings and sketches surface in the Bronx, at the New York Botanical Garden.",Arts
Robert Indiana’s Best: A Mini Retrospective,"From Herman Melville to Mae West, pinball machines to a slave ship, Robert Indiana drew his inspiration from American sources, with deeply personal meanings.",Arts
The Underground Science Festi￿val Has New Faces to Introduce to You,A weeklong festival at Caveat combines science and humor to bring attention to underrepresented scientists.,Arts
Review: ‘Pose’ Demands to Be Seen,"Like the 1980s balls it depicts, Ryan Murphy’s new series tries on a number of styles, but at its best, they cohere into a vibrant look.",Arts
"Defending Woody Allen, Moses Farrow Says Mia Farrow Was Abusive","In an essay, the director’s son cast dismissed accusations of his sister, Dylan Farrow. She called his comments hurtful.",Arts
Seth Meyers Assails Donald Trump for His Attacks on the F.B.I.,"The president accused the F.B.I. of putting a “mole” in his campaign — even though, Mr. Meyers added, “they knew full well that campaign was supposed to be weasels-only.”",Arts
Imagining a World Ruled by Women,Three plays in Germany present very different ideas about women in roles of authority.,Arts
"Review: ‘Fauda’ Returns on Netflix, Guns Blazing","The second season of the down-and-dirty Israeli counterterrorism thriller is a lot like the first, but this time with ISIS.",Arts
Meghan Markle and the Bicultural Blackness of the Royal Wedding,Many elements of Saturday’s ceremony bridged Meghan Markle’s African-American identity with the black British one that she was about to enter.,Arts
How a Digital Rabbit Hole Gave Midori Takada’s 1983 Album a Second Life,"“Through the Looking Glass” sold poorly upon its release, but a YouTube algorithm later brought it fresh attention; now the Japanese musician is on a U.S. tour.",Arts
Mom-Coms Latch On to the Raw Reality of New Motherhood,"Series like “The Letdown,” “Motherland,” “SMILF” and “Catastrophe” are part of a new crop of comedies that find humor (and aches) in depictions of new mothers.",Arts
James Corden Skeptical of Donald Trump’s Judgment on Kim Jong-un,"President Donald Trump said he’d use his “touch” and “feel” to gauge Kim’s sincerity. Corden said the last time Donald Trump tried that, “he had to pay Stormy Daniels $130,000.”",Arts
James Corden Skeptical of Donald Trump’s Judgment on Kim Jong-un,"President Donald Trump said he’d use his “touch” and “feel” to gauge Kim’s sincerity. Corden said the last time Donald Trump tried that, “he had to pay Stormy Daniels $130,000.”",Arts
Review: Taking Another Spooky Hike Up ‘Hanging Rock’,A six-episode series on Amazon retells a tale of Victorian-era repression and vanishing Australian schoolgirls.,Arts
‘LOVE’ and Other Four-Letter Words,"Somewhere in Robert Indiana’s home in Maine, there may exist an early version of his famous image — one that will startle his fans.",Arts
Fun Things to Do in New York for Memorial Day Weekend,"Music, bars and movies on rooftops. It’s Memorial Day weekend. Finally.",Arts
11 of Our Best Weekend Reads,"A summer reading guide, the joys of eating alone, a lonesome Brooklyn widow falls victim to fraud, the Warriors’ halftime routine, and more.",Arts
The European Union Is Under Threat. Artists Say It’s Time to Rebrand.,"A group led by Wolfgang Tillmans and Rem Koolhaas is discussing how the organization can “be recognized as a force for good, rather than as a faceless bureaucracy.”",Arts
Robert Indiana Had All but Vanished in Recent Years. Some Friends Wondered Why.,A company that represented the artist says in a lawsuit that Mr. Indiana’s caretaker on a Maine island had shut him off from the rest of the world.,Arts
They Suffered for Their Cézanne Portraits,"In the National Gallery of Art’s major survey of Cézanne’s stirring, troubling portraits, he treats family and friends with affectionate digs.",Arts
Farm-to-Table in the Shadow of Downtown Detroit,"In her “no-waste kitchen” at Lady of the House, Kate Williams sees a way of investing in her city and the farmers three blocks down.",Food
Dairy Farms Find a Lifeline: Beer,"Faced with declining prices and demand, dairies have opened breweries and taprooms to maintain their way of life.",Food
Dairy Farms Find a Lifeline: Beer,"Faced with declining prices and demand, dairies have opened breweries and taprooms to maintain their way of life.",Food
What to Cook This Week,"Make a great new recipe for a simple fish fry from Archana Pidathala, and maybe knock out a black-bean soup for the days ahead.",Food
The Spotted Pig Restaurant Empire Is Fracturing,"Since Ken Friedman was accused of sexual harassment, the business he started with April Bloomfield has shed one restaurant and several key employees.",Food
"The Tastes of Summer, Ranked",Peach vs. watermelon. Kielbasa vs. hot dog. Fudgsicle vs. Chipwich. New York Times food critics and writers assess the season’s peak pleasures.,Food
What to Cook This Weekend,"A personal pan pizza recipe from Anthony Falco of Roberta’s should be high on your list, as should Dolester Miles’s lemon meringue tart and coconut pecan cake.",Food
"From Campania’s Volcanic Soils, Whites in Multiple Colors","The assignment was to compare three fianos, but one of those white wines turned out to be something else entirely.",Food
An Especially Summery Take on Spaghetti and Clams,"In this stellar, casual pasta dish, a spicy, tomatoey broth infuses the shellfish with flavor while also serving as the sauce.",Food
"Reviving Ancient Spanish Vineyards, Building New Traditions","In the hills outside of Madrid, Comando G prospects for old vines of garnacha at high altitudes, and makes wonderfully fresh, distinctive wines.",Food
"At Trump Tower, Michael Cohen and Oligarch Discussed Russian Relations","The meeting, which took place 11 days before the inauguration, preceded a $1 million contract Mr. Cohen received from a firm tied to the Russian oligarch.",U.S.
"White House to Impose Metal Tariffs on Key U.S. Allies, Risking Retaliation","The tariffs on imported steel and aluminum from Canada, the European Union and Mexico are meant to fulfill President Donald Trump’s vows to protect American industry, but they are drawing a fierce response.",U.S.
Hillary and Bill Clinton Go Separate Ways for 2018 Midterm Elections,"Mrs. Clinton plans to endorse Andrew M. Cuomo for governor of New York this week. But elsewhere on the 2018 campaign trail, she and Mr. Clinton are not always welcome.",U.S.
Fewer Immigrants Are Reporting Domestic Abuse. Police Blame Fear of Deportation.,"The immigrant population grew significantly in Houston last year, yet the city saw a 16 percent drop in domestic violence reports from Hispanics.",U.S.
The Trouble With the Memphis Airport: No Crowds,The spacious terminal built for when the Tennessee city was a bustling air travel hub has become a half-deserted white elephant that the airport is spending millions to shrink.,U.S.
"Jon Tester, a Democrat in Deep-Red Montana, Isn’t Sweating Donald Trump’s Threats","President Donald Trump may have put a big target on Senator Jon Tester’s back, but the Democrat is confident that Montanans know where he stands.",U.S.
Judge in Emoluments Case Questions Defense of Donald Trump’s Hotel Profits,A federal judge in Maryland seemed sympathetic to the plaintiff’s arguments that the president may be violating the Constitution.,U.S.
Judge in Emoluments Case Questions Defense of Donald Trump’s Hotel Profits,A federal judge in Maryland seemed sympathetic to the plaintiff’s arguments that the president may be violating the Constitution.,U.S.
Donald Trump’s Lawyer and Chief of Staff Appear at Briefings on F.B.I.’s Russia Informant,"The presence of Emmet T. Flood, a lawyer representing the president in the Russia investigation, and John F. Kelly, the chief of staff, at the start of the classified meetings infuriated Democrats.",U.S.
Donald Trump Grappling With Risks of Proceeding With North Korea Meeting,"President Donald Trump was surprised and angered by a statement issued by the North’s chief nuclear negotiator, who declared that the country would not swap its nuclear weapons capability for economic aid.",U.S.
Republican Leaders Will Be Allowed to See Some Information on Russia Investigation,Intelligence and law enforcement officials had said the information was highly delicate and that it was not appropriate to turn over unredacted material to Congress.,U.S.
Supreme Court Allows Arkansas Abortion Restrictions to Stand,"In turning down an appeal, the court put two of the state’s three abortion clinics at risk of closing.",U.S.
When the President Testified: People in the Room Recall Clinton’s 1998 Interrogation,"The date was Aug. 17, 1998. President Bill Clinton testified before a grand jury. Twenty years later, people in the room and those waiting nearby share their memories.",U.S.
Meet the Members of the ‘Shadow N.S.C.’ Advising John Bolton,The new national security adviser has been quietly taking advice from a few longtime associates. Some have business interests that overlap with the National Security Council.,U.S.
California Today: Koreatown’s Wary Response to the Trump-Kim Meeting,"Tuesday: Koreans in California react to the Singapore summit meeting, the federal government investigates U.S.C., and a “Saved by the Bell” dining experience.",U.S.
California Today: Koreatown’s Wary Response to the Trump-Kim Meeting,"Tuesday: Koreans in California react to the Singapore summit meeting, the federal government investigates U.S.C., and a “Saved by the Bell” dining experience.",U.S.
Chances of China Trade Win Undercut by Donald Trump Team Infighting,Ceaseless infighting and jockeying for influence on the White House’s trade team helped deprive the president of a quick victory on his most cherished policy issue.,U.S.
Lawmakers Briefed on F.B.I.’s Informant in Russia Inquiry,"It was not clear how much will be shared with lawmakers, some of whom have demanded information about the informant for weeks.",U.S.
"A Look at Dinesh D’Souza, Pardoned by Donald Trump","The conservative commentator’s incendiary attacks on liberals have made him, at times, a hero of the right. Now he has been pardoned for a campaign finance felony.",U.S.
"With ‘Spygate,’ Donald Trump Shows How He Uses Conspiracy Theories to Erode Trust",The president’s promotion of the unconfirmed claims he calls “Spygate” continues a long history of presidential trafficking in tales of shadowy cabals and secret plots.,U.S.
Hundreds in Oakland Turn Out to BBQ While Black,"The event was held at Lake Merritt, where two black men were hassled for grilling. “It was a sea of love and blackness and food and fun,” an organizer said.",U.S.
They Shared Drugs. Someone Died. Does That Make Them Killers?,"Prosecutors are increasingly treating overdose deaths as homicides, but they aren’t just going after dealers. Friends, family and fellow users are going to prison.",U.S.
"Donald Trump Pardons Dinesh D’Souza, Weighs Leniency for Rod Blagojevich and Martha Stewart",The president focused on cases where he argued the justice system has unfairly targeted celebrities. All three cases were tied to prosecutors who have become nemeses of Mr. Donald Trump.,U.S.
Indiana School Shooting Leaves Teacher and Student Wounded,"A male student opened fire at a middle school in suburban Indianapolis on Friday morning, the local authorities said. The suspect was in custody, they said.",U.S.
Democrats’ Next Big Thing: Government-Guaranteed Jobs,"It’s a big idea from a bygone era: guaranteed employment. But for Democrats veering to the left, it’s only the latest in an aggressive stance toward governance.",U.S.
Woman Trafficked by Cult Is Awarded $8 Million: ‘They Took My Childhood’,"Given to a cult in Kansas when she was 11 and forced to work, Kendra Ross, now 26, won what may be the largest award for a single plaintiff in a case of coerced labor.",U.S.
California’s ‘Top-Two’ Primary: Here’s How It All Works,Democrats and Republicans might be shut out from big races on the November ballot in California. A look at how the system works and what’s at stake.,U.S.
"Donald Trump’s Lawyers, in Confidential Memo, Argue to Head Off a Historic Subpoena","The legal memo takes an expansive view on the president’s authority. Lawyers argued that, as president, Mr. Donald Trump has the power to end investigations.",U.S.
‘This Ruling Gives Us Hope’: Supreme Court Sides With Tribe in Salmon Case,"It’s an important victory for Native American communities, but other threats are chipping away at the salmon habitat on which the Swinomish have long depended.",U.S.
‘This Ruling Gives Us Hope’: Supreme Court Sides With Tribe in Salmon Case,"It’s an important victory for Native American communities, but other threats are chipping away at the salmon habitat on which the Swinomish have long depended.",U.S.
"Georgia, Arkansas and Kentucky Primaries: Top Races to Watch","Georgians are choosing candidates for governor on Tuesday, and there are competitive House seats in all three states. Here’s what you should know.",U.S.
A Courtside View of Scott Pruitt’s Cozy Ties With a Billionaire Coal Baron,"The E.P.A. chief, who has reversed Obama-era rules on coal mining, enjoyed a superfan experience at a University of Kentucky basketball game — courtesy of an industry executive.",U.S.
"5 Women Sue U.S.C., Alleging Sexual Abuse by Campus Doctor",Lawsuits against U.S.C. in the case of a former gynecologist raised the possibility of hefty financial settlements as the university tried to contain the growing scandal.,U.S.
Donald Trump Falsely Claims Russia Investigation Started Because of Steele Dossier,President Donald Trump has repeatedly pointed to the findings of a House Intelligence Committee report to insist his campaign did not collude with Russia. But that same report concludes that the inquiry began with a diplomat’s tip about a Donald Trump campaign adviser — not the salacious findings of a former British spy.,U.S.
"By Demanding an Investigation, Donald Trump Challenged a Constraint on His Power",The president escalated his campaign to undermine the Justice Department’s traditional independence from White House interference.,U.S.
"Illinois Ratifies the Equal Rights Amendment. One More to Go. Wait, What?","If you thought the deadline had passed decades ago, you’re right. It’s complicated.",U.S.
"Florida Man Kills 4 Children and Himself, Ending 21-Hour Hostage Standoff","A woman’s call about domestic violence led Gary Lindsey Jr., 35, to fire on an Orlando police officer and barricade himself in an apartment with four children held hostage.",U.S.
"Florida Man Kills 4 Children and Himself, Ending 21-Hour Hostage Standoff","A woman’s call about domestic violence led Gary Lindsey Jr., 35, to fire on an Orlando police officer and barricade himself in an apartment with four children held hostage.",U.S.
Oliver North Blames ‘Culture of Violence’ for Mass Shootings,The incoming president of the National Rifle Association said shootings are tied to violent television shows and movies and a dependence on medications like Ritalin.,U.S.
"On the Border, a Discouraging New Message for Asylum Seekers: Wait","The Donald Trump administration is determined to reduce the flow of asylum applicants coming into the United States. At some border crossings, migrants are being forced to wait for days or longer in Mexico.",U.S.
"On the Border, a Discouraging New Message for Asylum Seekers: Wait","The Donald Trump administration is determined to reduce the flow of asylum applicants coming into the United States. At some border crossings, migrants are being forced to wait for days or longer in Mexico.",U.S.
Senate Republicans Are Newly Hopeful About the Midterms. For Good Reason.,"The G.O.P.’s preferred candidates are running or winning in several states, and potential problems have been averted. Some Republicans now see Senate gains, not losses, in November.",U.S.
Harvey Weinstein’s Arrest Comes After Monthslong Downward Spiral,"Mr. Weinstein was arrested in New York on Friday. Here’s a look at the producer’s downfall, and how it has been covered by The New York Times.",U.S.
Trump Tells Naval Academy Graduates That America Is ‘Respected Again’,"Mr. Donald Trump said the new officers should be proud to be joining a military that he said is now recovering from years of decay. He ended his speech with, “Anchors aweigh!”",U.S.
"California Today: In San Francisco, Public Art Soars High Into the Skyline","Tuesday: Lawsuits in the U.S.C. scandal, Shohei Ohtani emerges as a two-way star, and Indian-owned casinos want in on the sports betting boom.",U.S.
Virginia Primary Puts Democrats’ Spirit of ’17 to the Test,"Democrats hope for signs that voters are still as unhappy with President Donald Trump as they were in November, when their party made big gains. Republicans are counting on a rebound for the midterms.",U.S.
Virginia Primary Puts Democrats’ Spirit of ’17 to the Test,"Democrats hope for signs that voters are still as unhappy with President Donald Trump as they were in November, when their party made big gains. Republicans are counting on a rebound for the midterms.",U.S.
Donald Trump Administration Challenges University of Michigan Anti-Bullying Rules,"The Justice Department entered a filing in a suit against the flagship university, accusing the school of discouraging students from expressing their views.",U.S.
Donald Trump Administration Challenges University of Michigan Anti-Bullying Rules,"The Justice Department entered a filing in a suit against the flagship university, accusing the school of discouraging students from expressing their views.",U.S.
"In California’s Farm Country, the Tide of ‘Resistance’ Runs Dry Ahead of the Primary","Although within California it is common to pit north versus south, the sharp cultural divisions between rural and urban areas are in many ways more significant.",U.S.
Donald Trump Administration Tells Congress it Has Deal to Revive ZTE,"The move would allow stalled trade negotiations with China to move forward, but is also likely to provoke an intense backlash on Capitol Hill.",U.S.
Donald Trump Team’s Mueller Strategy: Limit the Investigation and Attack the Investigators,"“They have now decided that they need to be more proactive, more aggressive and more anticipatory,” says Alan Dershowitz, the Harvard Law School professor emeritus.",U.S.
Donald Trump Team’s Mueller Strategy: Limit the Investigation and Attack the Investigators,"“They have now decided that they need to be more proactive, more aggressive and more anticipatory,” says Alan Dershowitz, the Harvard Law School professor emeritus.",U.S.
"North Korea Nuclear Disarmament Could Take 15 Years, Expert Warns","The report stands in stark contrast with the time frame the United States initially demanded, on what could be a key sticking point in any nuclear summit meeting.",U.S.
"Hurricane Maria Death Toll in Puerto Rico Could Exceed 4,000, New Study Estimates",The number of people who died because of Hurricane Maria last year has been a matter of debate. A new study relied on interviews on the ground.,U.S.
"Police Confronted Texas School Gunman Within 4 Minutes, Sheriff Says",The Galveston County Sheriff said officers responding to the shooting at Santa Fe High hemmed the gunman into one classroom and saved lives by drawing his fire.,U.S.
Primary Elections 2018: What to Watch For,"Maine, Nevada, North Dakota, South Carolina and Virginia are holding their primaries. Here are the most important races.",U.S.
Primary Elections 2018: What to Watch For,"Maine, Nevada, North Dakota, South Carolina and Virginia are holding their primaries. Here are the most important races.",U.S.
‘Almost No One Agrees With Us’: When Rural Students Emulate Parkland,"Speaking out in a community like Marshall County, Ky., has come at a social cost, including frayed friendships and fights with parents.",U.S.
California Governor’s Race Forces Candidates to Face the Past,"Gavin Newsom and Antonio Villaraigosa, the leading Democratic contenders in Tuesday’s primary must contend with Jerry Brown’s long shadow and voters’ memories of past indiscretions.",U.S.
Sergeant Sues Defense Dept. Over ‘Outdated’ H.I.V. Policies,"Lawyers for Army Sgt. Nick Harrison, who has H.I.V., argue that the military’s policies discriminate against people with the virus and violate the constitutional right to equal protection.",U.S.
Did the Donald Trump Administration Separate Immigrant Children From Parents and Lose Them?,"Federal officials have lost track of nearly 1,500 children, but those children arrived at the border alone.",U.S.
They Spoke Spanish in a Montana Store. Then a Border Agent Asked for Their IDs.,The agent told the two U.S. citizens: “It has to do with you guys speaking Spanish in the store in a state where it’s predominantly English-speaking.”,U.S.
24 Oil Wells in a School’s Backyard. How Close Is Too Close?,"In Weld County, a fracking boom is colliding with a population explosion, pitting communities against companies in a fight over which projects should be allowed.",U.S.
Stacey Abrams Didn’t Play It Safe. Neither Do These Women.,"As women run for Congress and state offices this year, they want to campaign and win on their own terms. Some are coming for their own party. And many are not willing to wait.",U.S.
How Donald Trump’s Election Shook Obama: ‘What if We Were Wrong?’,"In a new book, Barack Obama’s longtime adviser Benjamin J. Rhodes recounts the former president’s reaction to the election of Donald J. Trump.",U.S.
"Border Patrol Agent Kills Woman Who Crossed Into Texas Illegally, Authorities Say","The officer said he fired his gun because he had been assaulted, but a neighbor said there were no signs of an attack.",U.S.
Can Parents Be Charged for Failing to Keep Their Guns Locked Up?,"Texas is one of 14 states with a “negligent storage law,” which can make parents liable for crimes committed with their firearms by their children.",U.S.
Can Parents Be Charged for Failing to Keep Their Guns Locked Up?,"Texas is one of 14 states with a “negligent storage law,” which can make parents liable for crimes committed with their firearms by their children.",U.S.
"Rachel Dolezal, Who Pretended to Be Black, Is Charged With Welfare Fraud","She collected $8,850 in public assistance from Washington State from August 2015 to November 2017. Investigators said she misled the state about her income.",U.S.
Michael Bloomberg Will Spend $80 Million on the Midterms. His Goal: Flip the House for the Democrats.,"Mr. Bloomberg plans to pour money into advertising on television, online and in the mail, with most of it going to support Democratic congressional candidates.",U.S.
Airlines Ask Government Not to Use Their Flights to Carry Children Separated at the Border,"The request by several major carriers is the latest fallout from the administration’s decision, now reversed, to separate children from parents who have arrived illegally.",U.S.
"Evangelical Leaders Lament Border Separations, but Stand Behind Donald Trump",Conservative Christians are navigating a tricky path as they recoil at an immigration policy enacted by a president they support,U.S.
Donald Trump Tells Republicans Not to Undercut Him on ZTE,Lawmakers suggested they had not reached a decision after President Donald Trump told them that the fate of the Chinese telecom company was closely tied to geopolitical negotiations.,U.S.
"Donald Trump Retreats on Separating Families, but Thousands Will Remain Apart","“There will not be a grandfathering of existing cases,” said Kenneth Wolfe, a spokesman for the Administration for Children and Families.",U.S.
American Cardinal Accused of Sexually Abusing Minor Is Removed From Ministry,"Cardinal Theodore E. McCarrick, the former archbishop of Washington, is the first American cardinal to be suspended after an investigation found the allegations credible.",U.S.
"Outside Trump Hotel, an Uproar. Inside, a Calm Sea of Conservative Cash.","Outside the hotel’s walls, protesters blasted audio of children crying in detainment centers and the homeland security secretary was heckled at a nearby Mexican restaurant.",U.S.
Unarmed 17-Year-Old Fatally Shot as He Ran From East Pittsburgh Police,"A video of the shooting, which occurred after a traffic stop, shows two people running from police vehicles as three shots are fired.",U.S.
Fewer Births Than Deaths Among Whites in Majority of U.S. States,The pattern first started more than a decade ago. But lagging fertility rates and rising white mortality rates have sped demographic change.,U.S.
"Donald Trump’s Executive Order on Family Separation, Explained",President Donald Trump said he wanted to keep immigrant families together — but still detain them. He will probably need approval from a court or Congress.,U.S.
How Strenuous Exercise Affects Our Immune System,"Marathons or other vigorous events are unlikely to make you vulnerable to colds afterward, according to a myth-busting review of the latest science.",Well
Suicide Survivor Guilt,All the messages urging us to be more vigilant about suicide carry a devastating flip side for family members of people who take their lives: the sense that they did not do enough.,Well
Suicide Survivor Guilt,All the messages urging us to be more vigilant about suicide carry a devastating flip side for family members of people who take their lives: the sense that they did not do enough.,Well
"In the #MeToo Era, Raising Boys to Be Good Guys","The thought of my sons harassing another person is enough to keep me up at night, so I asked experts for advice.",Well
The Dangers of Belly Fat,"If your waist measures 35 or more inches for women or 40 or more inches for men, chances are you’re harboring a potentially dangerous amount of abdominal fat.",Well
The Dangers of Belly Fat,"If your waist measures 35 or more inches for women or 40 or more inches for men, chances are you’re harboring a potentially dangerous amount of abdominal fat.",Well
"Blurred Vision, Burning Eyes: This Is a Lasik Success?","Some patients who undergo the eye surgery report a variety of side effects. They may persist for years, studies show.",Well
"Blurred Vision, Burning Eyes: This Is a Lasik Success?","Some patients who undergo the eye surgery report a variety of side effects. They may persist for years, studies show.",Well
How to Age Well and Stay in Your Home,Don’t wait for a crisis like a broken hip to modify your home.,Well
Are You a ‘Type D’ Athlete? Relax and Ask for Help,"If you’re more Eeyore than Tigger when it comes to sports, reach out and elicit suggestions.",Well
My Patient’s Smile,"I’m drawn to the human brain, its unforgiving and protean nature.",Well
Heading the Soccer Ball May Be Bad for Young Brains,Can even a single header in soccer affect a child’s cognitive abilities?,Well
Road Trip Reads,"Whether you’re traveling across the country or just taking a staycation, stock up for summer with these books that are as varied as America itself.",Books
A Warning to Women of a Certain Age: Do Not Go Gentle Into That Good Nightdress,"Pamela Druckerman — horrified when waiters began calling her “madame,” not “mademoiselle” — has written a book about women and middle age, “There Are No Grown-Ups.”",Books
"Money Can’t Buy Love, but It Can Buy Goods — and in These Stories, Lots of Trouble","Lionel Shriver’s collection of short fiction, “Property,” is a wryly observant catalog of the ways an acquisitive urge can go astray.",Books
Want Michael Lewis’s Next Book? You’ll Have to Listen to It,"A growing group of successful authors, including Michael Lewis and Robert Caro, are releasing audio originals, hoping to take advantage of the exploding audiobook market.",Books
"A Battle for the ‘Soul of America’? It’s as Old as America, One Historian Notes","In his new book, the Pulitzer Prize-winning historian Jon Meacham argues that in bad times a liberal impulse has often prevailed over fear and division.",Books
"A Novel of Kentucky Noir, So Humane It’s Bathed in Light","Chris Offutt’s new novel, “Country Dark,” is set in the world of backwoods moonshiners.",Books
What Philip Roth Taught Me About Being an American Jew,"His books answered the question of how my Jewish education would translate into the real world, should I survive the ordeal of childhood.",Books
Tell Us 5 Things About Your Book: Making Good Time With the Pony Express,"Jim DeFelice talks about “West Like Lightning,” his new history of the short-lived but long-remembered company and how it changed the United States.",Books
"Far From the Shore, a Happy Couple Takes a Turn for the Worse","“Something in the Water” is a chilly thriller by Catherine Steadman, who played Mabel Lane Fox on “Downton Abbey.”",Books
"Far From the Shore, a Happy Couple Takes a Turn for the Worse","“Something in the Water” is a chilly thriller by Catherine Steadman, who played Mabel Lane Fox on “Downton Abbey.”",Books
In Praise of Julia Alvarez,"“By the time I found ‘How the Garcia Girls Lost Their Accents,’ I’d already resigned myself to using books as windows rather than mirrors.”",Books
This Harry Potter Uses a Bow and Arrow. Not a Wand.,"Jamie Parker, who portrays the grown-up wizard in Broadway’s “Harry Potter and the Cursed Child,” repairs to the archery range on his day off.",Style
André Leon Talley’s Next Act,"“Fashion does not take care of its people. No one is going to take care of me, except I am going to take care of myself.”",Style
From Transgender Activist to Runway Model,"Hunter Schafer, 19, is an A.C.L.U. plaintiff who has modeled for Helmut Lang, Marc Jacobs and Miu Miu.",Style
Awkwafina Raps Her Way to Hollywood Fame,The Queens native stars in two high-profile movies this summer: “Ocean’s 8” and “Crazy Rich Asians.”,Style
Awkwafina Raps Her Way to Hollywood Fame,The Queens native stars in two high-profile movies this summer: “Ocean’s 8” and “Crazy Rich Asians.”,Style
The Dandy Is Dead,"The sartorial order of the day is anything but refined. In fact, as designers like Demna Gvasalia and Rick Owens are proving, it’s downright fugly.",Style
The Dandy Is Dead,"The sartorial order of the day is anything but refined. In fact, as designers like Demna Gvasalia and Rick Owens are proving, it’s downright fugly.",Style
‘Everyone Is Beautiful During Eid’,Here’s how the people of Zanzibar celebrated the end of Ramadan.,Style
Missed the Latest Supreme Drop? Head to Grailed,"The website, a favorite of men looking for cult items that have disappeared — or will soon — just closed a new investment round.",Style
"6 Highlights From Donald Trump’s News Conference, With a Full Transcript","Speaking in Singapore after meeting with Kim Jong-un of North Korea, President Trump answered questions about Otto Warmbier, war games and the video his team made for Mr. Kim.",World
"6 Highlights From Donald Trump’s News Conference, With a Full Transcript","Speaking in Singapore after meeting with Kim Jong-un of North Korea, President Donald Trump answered questions about Otto Warmbier, war games and the video his team made for Mr. Kim.",World
Donald Trump Says North Korea Summit May Be Rescheduled,"A day after canceling his meeting with Kim Jong-un, President Donald Trump said his administration was back in touch with North Korea and may go ahead with the June 12 get-together.",World
Dozens Die in Karachi from Relentless Heat,"The 15 million residents of Karachi, the Pakistani port city known as the concrete jungle, are enduring a heat wave with little relief in sight.",World
"If Kim Jong-un Keeps His Nuclear Arms, Can Trump Still Claim Victory?","North Korean denuclearization is off the table, at least in the short term. But there are other outcomes from the planned summit talks that President Trump might accept.",World
"Trump-Kim Meeting Is Yet to Come, but U.S. Has Minted the Coins",The White House was criticized over commemorative coins to honor the planned meeting between President Trump and Kim Jong-un.,World
Trump Pulls Out of North Korea Summit Meeting with Kim Jong-un,"The meeting was scheduled for June 12 in Singapore, and Mr. Trump said it “will not take place.” But he later said it could still happen.",World
Two Sought in Bombing at Indian Restaurant in Ontario,"Fifteen were wounded, three critically, in the blast just west of Toronto. Officials said there was no immediate indication of terrorism or a hate crime.",World
"Car Bomb Explodes in Afghanistan, Killing 16, as Team Tries to Defuse It","Intelligence agents tracked a Taliban car bomb to an auto repair garage in Kandahar, but they failed in their attempt to disarm it.",World
Trump and Kim See New Chapter for Nations After Summit,"The president and the North Korean leader, Kim Jong-un, signed a document that Mr. Trump called “comprehensive,” though it was short on details.",World
Trump and Kim See New Chapter for Nations After Summit,"The president and the North Korean leader, Kim Jong-un, signed a document that Mr. Trump called “comprehensive,” though it was short on details.",World
Gaza Militants Fire Barrage of Mortars Into Israel,Palestinian militants sharply raised the stakes of the conflict with an early-morning operation along the border.,World
Canadian Government to Buy Kinder Morgan’s Trans Mountain Pipeline,The decision caps a divisive battle over whether to allow a pipeline expansion that environmentalists say would contribute to climate change and risk spills.,World
The Trump-Kim Summit: Full Text of the Statement,The document says the United States and North Korea will “join their efforts to build a lasting and stable peace regime on the Korean Peninsula.”,World
The Trump-Kim Summit: Full Text of the Statement,The document says the United States and North Korea will “join their efforts to build a lasting and stable peace regime on the Korean Peninsula.”,World
Trump Veers to a Korea Plan That Echoes Failures of the Past,"President Trump has vowed not to repeat the errors of his predecessors, but his apparent softening on North Korea resembles approaches taken by Bill Clinton and George W. Bush.",World
"In Hard-Line Speech, Pompeo Criticizes Iran’s Behavior","Secretary of State Mike Pompeo delivered a remarkably hard-line speech about Iran, offering no concessions to European leaders who want to do business with Tehran.",World
Palestinians Ask Hague Court to Open Full Inquiry Into Israel,"Israel immediately challenged the request, which came a week after at least 60 Palestinians were killed by Israeli fire in protests at the Gaza border.",World
A Chance to Spend 99-Plus Years in Venice (in the Afterlife),"Even if you can’t afford a palazzo on the Grand Canal, you might be able to bid for a plot in the cemetery of San Michele.",World
Trump’s Negotiating Playbook Faced Test in North Korea,The president had sought to deal with Kim Jong-un the same way he had handled real estate negotiations — with threats and flattery. It didn’t work.,World
"Top Aide to Kim Jong-un Is Bound for U.S., Trump Says",The negotiator Kim Yong-chol would be the highest-ranking North Korean to set foot on American soil since 2000.,World
"The Red Phone Box, a British Icon, Stages a Comeback","Once unwanted relics, the booths are being retooled in imaginative ways, including as cellphone repair shops, tiny cafes and defibrillator sites.",World
Brexit Nightmare: 17-Mile Traffic Jams at the Dover Border,"If Britain leaves the E.U.’s customs union, it will have to conduct time-consuming border checks that could cost businesses $25 billion a year.",World
Trump Pledge to Halt Military Exercises Surprises Pentagon and Seoul,"Officials, experts and allies warned that Mr. Trump’s promise to end military exercises on the Korean Peninsula could hurt combat readiness.",World
Trump Pledge to Halt Military Exercises Surprises Pentagon and Seoul,"Officials, experts and allies warned that Mr. Trump’s promise to end military exercises on the Korean Peninsula could hurt combat readiness.",World
One Family’s Toll on a Cruel Day: 7 Children With Amputated Legs,"A leftover rocket killed 4 and maimed seven young members of an extended family in eastern Afghanistan. “I wanted to cry,” says the doctor in charge of treating them.",World
U.S. Cites ‘Real Progress’ Toward a Summit Meeting With Kim Jong-un,"President Trump has not yet agreed to a new meeting with the North Korean leader, but he will receive a delegation from Pyongyang on Friday in Washington.",World
Italy’s Populist Parties Win Approval to Form Government,"The arrangement would put Europe’s fourth largest economy into the hands of parties deeply antagonistic to the European Union, its currency and illegal migrants.",World
Australia’s Immigration Solution: Small-Town Living,How rural Australia opened itself to the world and became a model of integration and revival.,World
How a 4-Hour Battle Between Russian Mercenaries and U.S. Commandos Unfolded in Syria,Interviews and newly obtained documents provide the Pentagon’s first public on-the-ground accounting of one of the bloodiest battles the military has faced in Syria since deploying to fight ISIS.,World
"In Advance of Cease-Fires, Bombings in Afghanistan Kill at Least 18","The government and the Taliban have declared cease-fires, but ISIS has not. Officials blamed it for at least one bombing.",World
"In Advance of Cease-Fires, Bombings in Afghanistan Kill at Least 18","The government and the Taliban have declared cease-fires, but ISIS has not. Officials blamed it for at least one bombing.",World
"Brother-in-Law of Spain’s King Must Go to Prison, Court Rules","Iñaki Urdangarin — husband of Princess Cristina, a sister of Felipe VI — lost his appeal in a fraud case that has rocked the country’s monarchy.",World
"Brother-in-Law of Spain’s King Must Go to Prison, Court Rules","Iñaki Urdangarin — husband of Princess Cristina, a sister of Felipe VI — lost his appeal in a fraud case that has rocked the country’s monarchy.",World
Myanmar and U.N. Agree to Aim for Repatriation of Rohingya,"Myanmar’s government signed an agreement with the United Nations, but few expect the Rohingya, a Muslim ethnic minority forced to flee Myanmar, to go home anytime soon.",World
"He Fled the Ash That Buried Pompeii, Only to Be Crushed by a Rock","Archaeologists in Italy found the skeleton of a man protruding from a huge block of stone, almost 2,000 years after he died.",World
Turkey Hands Life Sentences to 104 People Over Coup Attempt,Two crucial witnesses turned against fellow defendants and revealed details of the failed effort to overthrow President Recep Tayyip Erdogan in 2016.,World
North Korea’s Big Moment Is Upended by Trump,"The event was captured by foreign journalists, but North Korea did not invite any independent nuclear monitors to verify the dismantlement.",World
Live Updates: Trump-Kim Summit Ends with Promise to Suspend Military Exercises,"President Trump said “war games” on the Korean Peninsula would stop, catching the Pentagon and South Korea off guard, after meeting with North Korea’s leader, Kim Jong-un.",World
Live Updates: Trump-Kim Summit Ends with Promise to Suspend Military Exercises,"President Trump said “war games” on the Korean Peninsula would stop, catching the Pentagon and South Korea off guard, after meeting with North Korea’s leader, Kim Jong-un.",World
"Pedro Sánchez, Spain’s New Leader, Returns From the Political Wilderness","Mr. Sánchez, once ousted from control of his Socialist party, regained its leadership and orchestrated the removal of Mariano Rajoy as prime minister.",World
Saudi Arabia Names New Ministers Close to Powerful Crown Prince,The new ministers will help push the crown prince’s efforts to diversify the economy away from oil and make life more enjoyable for ordinary citizens.,World
"On the High Seas, Keeping Vigil for an Unwanted Minority",No country is eager to take in the Rohingya. That indifference means more suffering and death for Myanmar’s Muslim ethnic group.,World
Canceling of Trump-Kim Meeting Upends Asia but Could Help China,"The move will disappoint some allies in Asia, hearten others and perhaps put China in the strongest position of all. Much will depend on how North Korea reacts.",World
Liège Gunman and 3 Victims Reported Dead in Belgium Shooting,Prosecutors said the attack in the eastern Belgian industrial city was being investigated as terrorism.,World
"Ireland Abortion Vote: ‘It’s Not a Man’s Issue,’ but Male Turnout Is Crucial",Women are expected to vote in greater numbers in Friday’s referendum. But turnout among male Irish voters — who tend to consider abortion a women’s issue — may be critical.,World
Vietnamese Protest an Opening for Chinese Territorial Interests,"Already upset over Chinese claims in the region, demonstrators were protesting economic zones that would allow long leases to foreigners. At least 100 were arrested.",World
Vietnamese Protest an Opening for Chinese Territorial Interests,"Already upset over Chinese claims in the region, demonstrators were protesting economic zones that would allow long leases to foreigners. At least 100 were arrested.",World
"Trump-Kim Summit Meeting Is a ‘99.9% Done Deal,’ South Korea Says",South Korea moved to confront growing doubts about whether the meeting between President Trump and Kim Jong-un would actually take place.,World
122 Pregnant Whales Were Killed in Japan’s Latest Hunt. Was This Illegal?,Conservationists said the International Whaling Commission data was further evidence that Japan was killing whales for commercial purposes under the guise of scientific research.,World
U.N. Report Left Out Damning Details on Syria Chemical Attack,An early draft of the report on the recapture of rebel-held Damascus suburbs contained information about chemical attacks omitted from the final version.,World
"Trump Will Meet Queen Elizabeth II Next Month, His Ambassador Says","The encounter will occur during a long-delayed “working visit” by the president, who is deeply unpopular in Britain.",World
On Mexico’s Migrant Trail: Confusion and Tough Choices,"As word of the Trump administration’s “zero tolerance” policy reached migrants, some reconsidered their trips but others pressed on amid the possibility of a policy change.",World
Good News for Women With Breast Cancer: Many Don’t Need Chemo,"Many women with early-stage forms of the disease can forego chemo, based on a test that measures the activity of genes involved in breast cancer recurrence.",Health
New Cancer Treatments Lie Hidden Under Mountains of Paperwork,Guideposts to powerful treatments may be buried in the nation’s medical records. But there is no easy way to gather those records or to get them into a usable format.,Health
Secrets of the Y Chromosome,"It’s not just what makes males into males. The sex chromosome also influences health in hidden ways, some experts believe, and may even explain why men have shorter life spans.",Health
Secrets of the Y Chromosome,"It’s not just what makes males into males. The sex chromosome also influences health in hidden ways, some experts believe, and may even explain why men have shorter life spans.",Health
Origins of an Epidemic: Purdue Pharma Knew Its Opioids Were Widely Abused,"A confidential Justice Department report found the company was aware early on that OxyContin was being crushed and snorted for its powerful narcotic, but continued to promote it as less addictive.",Health
Is It a Migraine? Many Patients Don’t Realize What Causes Their Suffering,"Here’s a guide to help you recognize the symptoms of migraines, understand why the signs are so often missed, and think about treatment options.",Health
It Was Supposed to Be an Unbiased Study of Drinking. They Wanted to Call It ‘Cheers.’,Buried in a new N.I.H. report are disturbing examples of coordination between scientists and the alcohol industry on a study that could have changed America’s drinking habits.,Health
Morgan Freeman Is Accused of Sexual Harassment by Several Women,"The women told CNN that he inappropriately touched or spoke to them on set, during publicity events and at his production company. He issued an apology.",Movies
Review: ‘Jurassic World: Fallen Kingdom’ Brings the Gang Back. Sigh.,"Extinction is not an option, but exhaustion is a distinct possibility.",Movies
N.B.A. Finals Round Table: Does LeBron James Have a Chance?,"Our experts weigh in on several N.B.A. finals topics. What’s at stake? How do the Cavaliers keep it close? If the Warriors win, is it a problem?",Sports
"Trump Pardons Jack Johnson, Heavyweight Boxing Champion","Decades after Johnson was convicted under the Mann Act, his case drew significant attention as a gross miscarriage of justice.",Sports
N.F.L.’s Alternate ‘Cheerleaders’ Don’t Cheer or Dance,"Noncheering cheerleaders are hired on looks and dressed like cheerleaders, but their primary job is to charm the team’s fans.",Sports
Triple Jeopardy in College Sexual Assault Case Ends an N.F.L. Career,"Keith Mumphery was twice cleared of an alleged sexual assault. Then he was tried a third time, without even knowing it. And then his life collapsed.",Sports
How 3 Letters From Trump Might Help Bring the 2026 World Cup to the U.S.,"Three previously undisclosed letters from President Trump to FIFA have reassured the organization’s members that all fans and teams would be welcome, regardless of American immigration policy.",Sports
How 3 Letters From Trump Might Help Bring the 2026 World Cup to the U.S.,"Three previously undisclosed letters from President Trump to FIFA have reassured the organization’s members that all fans and teams would be welcome, regardless of American immigration policy.",Sports
David Quinn Comes to the Rangers With a Gift for Developing Young Players,Quinn’s tenure at Boston University was marked by the string of highly touted prospects that came through his system.,Sports
The Best Coach in the Bay Area Breaks Down the Warriors’ Breakdown,"“I might lose my lunch,” Sue Phillips, who runs a juggernaut of a high school basketball program, said as she watched Golden State crumble in Game 4.",Sports
"Tiger Woods Soars at the Memorial, Except on the Greens","Woods will enter Sunday’s final round five strokes behind the leader, 24-year-old Bryson DeChambeau.",Sports
"Justin Verlander’s Mind Has Aged, but His Fastball Has Not","At 35, the Houston Astros’ ace should be relying more on wits than physical tools, but Verlander seems to have full control of both.",Sports
"Missed in Coverage of Jack Johnson, the Racism Around Him","A look at The Times’s coverage of Johnson, who in 1908 became the first black boxer to win the heavyweight title, reveals harsh, often racially coded attitudes.",Sports
The Infamous Sochi Drug-Testing Lab Is Now a Gastro Pub,World Cup fans are eating and drinking in the building that was home to the scheme that corrupted the 2014 Winter Olympics.,Sports
"Spain Beats Iran, as Coach of Seven Days Tops Coach of Seven Years","In a slightly dizzy version of the coaching carousel, Spain’s Fernando Hierro met up on Wednesday with Iran’s Carlos Queiroz. Hierro prevailed, just barely.",Sports
Spain Lucky to Escape With 1-0 Victory Over Iran,A deflection off Diego Costa early in the second half proved the difference in both teams’ second game of the tournament.,Sports
Place 16 of 52: The Arts Are Flourishing in Cincinnati,"From public murals to renovated concert halls, our columnist found a city bursting with cultural options. Here’s what you need to know to experience it for yourself.",Travel
Place 16 of 52: The Arts Are Flourishing in Cincinnati,"From public murals to renovated concert halls, our columnist found a city bursting with cultural options. Here’s what you need to know to experience it for yourself.",Travel
Searching for Dinosaurs in a Seaside English Town,"A novice fossil hunter immerses himself in the local pastime in the town of Lyme Regis in southwest England, an area that sits on a 95-mile stretch of shoreline known as the Jurassic Coast, a Unesco World Heritage site.",Travel
"Colliders, Sundials and Wonder: When Science Is Your Destination","At CERN in Switzerland and Fermilab in Illinois, there is always a sense of discovery — about the past, present and future.",Travel
"Your Recycling Gets Recycled, Right? Maybe, or Maybe Not",Plastics and papers from dozens of American cities and towns are being dumped in landfills after China stopped recycling most “foreign garbage.”,Climate
Hurricane Season’s Around the Corner. Here’s What to Expect.,"The season begins June 1 and experts predict it will be near normal or above normal, but a single storm can cause tremendous damage if it makes landfall.",Climate
E.P.A. Takes a Major Step to Roll Back Clean Car Rules,"The Trump administration formally submitted its plan to permit more tailpipe emissions, moving closer to a legal clash that could split the nation’s auto market.",Climate
6 Things You’re Recycling Wrong,"Can you recycle coffee cups or greasy pizza boxes? If you’re tossing things in the recycling bin out of sheer hope, you might be an “aspirational recycler.”",Climate
6 Things You’re Recycling Wrong,"Can you recycle coffee cups or greasy pizza boxes? If you’re tossing things in the recycling bin out of sheer hope, you might be an “aspirational recycler.”",Climate
Trump v. the Department of Justice,President Trump and his enablers in Congress and the right-wing media are engaged in a dangerous campaign to undermine the foundations of American justice.,Opinion
Is the United States Losing Its Humanity?,The Trump administration’s approach to refugee aid is eroding our moral standing in the world.,Opinion
"Ovechkin, Babchenko and the Politics of Russian Hockey",Are they all related? Yes. No. Maybe.,Opinion
What’s the Matter With Europe?,A discredited elite and dark forces rising. Sound familiar?,Opinion
Mourning My White Husband in the Age of Trump,I grieve for Alan and for the clarity he brought to the issue of race not just as my husband but as a white man in America.,Opinion
The Men Who Terrorize Rio,"Ruthless mafia-like militias have taken over much of the Brazilian city, killing whomever they want, from City Council members to bird thieves.",Opinion
Trump’s Manchurian Trade Policy,"Using phony national security arguments against allies, ignoring real threats from dictatorships.",Opinion
The Rise of the Muslim Woman Tech Entrepreneur,"Across the Muslim world, a new generation is poised to make an outsized impact on their countries’ prosperity.",Opinion
The Californization of America,"Increasingly, the state sets the national agenda. But in the age of Trump, will its progressive politics unite or divide?",Opinion
Trump Gushes Over North Korea,The rest of the world holds its breath.,Opinion
Trump Gushes Over North Korea,The rest of the world holds its breath.,Opinion
Earth Will Survive. We May Not.,The biosphere will handle pretty much anything we throw at it. Where that leaves humans is a different question.,Opinion
Earth Will Survive. We May Not.,The biosphere will handle pretty much anything we throw at it. Where that leaves humans is a different question.,Opinion
Was Slavery a Factor in the Second Amendment?,"The formation of what many call a “safeguard against tyranny” was, in part, a way to preserve the slave system.",Opinion
Trump Was Outfoxed in Singapore,"The United States made important concessions to North Korea, and got nothing tangible.",Opinion
Trump Was Outfoxed in Singapore,"The United States made important concessions to North Korea, and got nothing tangible.",Opinion
Would You Go to a Republican Doctor?,Our political leanings distort our assessment of unrelated expertise.,Opinion
Turmoil for Turkey’s Trump,"Incompetence at the top doesn’t really matter, until it does.",Opinion
"The 1,500 ‘Missing’ Kids Are the Lucky Ones",Trump doesn’t want to protect immigrant children. He wants to lock them up.,Opinion
Obama – Just Too Good for Us,Former President Obama muses: Was he wrong? Or was he merely wrong for being right?,Opinion
Conservatives Fail the N.F.L.’s Free Speech Test,I love the flag. I love liberty more.,Opinion
"As Population Growth Slows, Populism Surges","Rural areas are losing residents, and they are turning to politicians who promise to restore the stature of “common people.”",Opinion
The Strange Failure of the Educated Elite,The flaw in boomer leadership.,Opinion
Trump and Kim Have Just Walked Us Back From the Brink of War,Don’t scoff. The Singapore summit is a first step toward peace.,Opinion
Trump and Kim Have Just Walked Us Back From the Brink of War,Don’t scoff. The Singapore summit is a first step toward peace.,Opinion
The Chutzpah of These Men,Mario Batali. Charlie Rose. Welcome to the “not so fast” phase of the #MeToo movement.,Opinion
Will FIFA Force Russia to Make the World Cup Friendly to L.G.B.T. People?,"If FIFA fails to enforce its own rules, corporate sponsors should act.",Opinion
Sex and Gender on the Christian Campus,A modest but meaningful revolt against traditional gender roles is brewing in some seemingly unlikely places.,Opinion
What Happens When a Journalist Comes Back From the Dead,"Thanks to Arkady Babchenko’s stunt, dismissing fake news just became a whole lot harder in Russia.",Opinion
What Moral Heroes Are Made Of,What traits do those dedicated to improving society share?,Opinion
First They Came for the Migrants,"Authoritarianism can happen here. For some, it already has.",Opinion
First They Came for the Migrants,"Authoritarianism can happen here. For some, it already has.",Opinion
"A Burger, Please: Hold the Tetracycline",The F.D.A. banned the use of antibiotics for growth promotion in animals last year. One organic cattle farmer is sure the ban is being flouted.,Opinion
"Data Subjects of the World, Unite!",The European Union’s new data privacy law represents a novel kind of “algorithmic citizenship.”,Opinion
Neal Katyal: Can’t Indict a President? That Could Hurt Trump,Rudolph Giuliani’s assertion would mean the president must testify.,Opinion
Neal Katyal: Can’t Indict a President? That Could Hurt Trump,Rudolph Giuliani’s assertion would mean the president must testify.,Opinion
"The Millionaires Are Fleeing. Maybe You Should, Too.",Wealthy people are often the first to ship their money to safer havens abroad. That can be a leading indicator of when a country is in trouble.,Opinion
No One Really Understands the South,"Will it turn purple in November? To figure it out, we have to let go of some Southern stereotypes.",Opinion
Trump’s Relationship With North Korea Just Got More Dangerous,The cancellation of the meeting with Kim Jong-un creates a risk that President Trump will revert to military options.,Opinion
"1,475 Missing Immigrant Children",That story isn’t quite what it seems. But another new immigration policy is cause for alarm.,Opinion
Why Being a Foster Child Made Me a Conservative,My experiences forced me to reflect on what environments are best for children. Certainly not the ones I came from.,Opinion
Stop Giving Trump the Benefit of the Doubt,The Korean summit meeting is a mess. Just like everything else.,Opinion
What Happens When Abortion Is Banned?,It turns out that the outcome isn’t what anyone is looking for.,Opinion
The Christian Right Adopts a 50-State Strategy,Pro-Trump evangelicals and their allies want to build a “great red wall” to keep Democrats out of power. California is high on their list of targets.,Opinion
How the Government Can Lower Drug Prices,A form of eminent domain for patents can let Washington make lifesaving medications widely available.,Opinion
The King and Queen of Cruelty,Melania and Donald Trump are in this terror together.,Opinion
Andrew Cuomo: A Moral Outrage New York Will Not Tolerate,These immigrant children shouldn’t be in facilities here or anywhere else. They should be with their parents.,Opinion
Scientists See Promise in Resurrecting These Rhinos That Are Nearly Extinct,"Even if the technology can bring back the northern white rhinoceros, should we do it?",Science
Coyotes Conquered North America. Now They’re Heading South.,"New maps seek to update the historical range of our continent’s toughest canids, which have thrived as other predators experienced decline.",Science
Lanternflies Eat Everything in Sight. The U.S. Is Looking Delicious.,"The invasive insects turned up in Pennsylvania in 2014. Now the state has placed 3,000 square miles under quarantine, and scientists worry the pest will spread.",Science
Kilauea Volcano’s Lava Fields Offer Scientists a Portal to Mars,Scientists are studying the Hawaiian volcano as part of a NASA-led project to answer questions like how life on Mars could have developed — if it ever did.,Science
"How Universities Deal With Sexual Harassment Needs Sweeping Change, Panel Says","Current policies and programs have failed overwhelmingly to address and prevent the problem, said a report from the National Academies of Sciences, Engineering and Medicine.",Science
"How Universities Deal With Sexual Harassment Needs Sweeping Change, Panel Says","Current policies and programs have failed overwhelmingly to address and prevent the problem, said a report from the National Academies of Sciences, Engineering and Medicine.",Science
"Alien Asteroids Are Here, Scientists Say. Get Used to Them.",An asteroid that cohabits an orbit with Jupiter came from outside the solar system.,Science
"Every 202,500 Years, Earth Wanders in a New Direction",The planet’s orbit alternates from elliptical to almost perfectly circular — and has for hundreds of millions of years.,Science
Breathe Deep: How the Antarctic Sea Spider Gets Oxygen,"They don’t have lungs or gills, and they are encased in hard exoskeletons. But somehow these marine creepers are getting oxygen from the water.",Science
Big Discovery in a Tiny Mammal-Like Skull Found Under a Dinosaur’s Foot,"Paleontologists found a 130 million-year-old haramiyid fossil in Utah, suggesting that the ancient relatives of modern mammals spread farther across the globe than thought.",Science
The Thing Inside Your Cells That Might Determine How Long You Live,"You may have forgotten about the nucleolus since you took biology class, but scientists think this structure inside every cell in your body may play an important role in aging.",Science
Manhattanhenge 2018: When and Where to Watch,You might get a chance to take “the best sunset picture of the year” this week in New York.,Science
"Ladybugs, Aphids and the Toxic Combat That Might Be Happening in Your Garden","Some invasive ladybugs feast on other species of ladybugs, but not as much when a kind of toxic aphid is around.",Science
"Taking Photos Won’t Take You Out of the Moment, Study Suggests","Tempted to grab that once-in-a-lifetime eclipse snapshot? Feel free: Taking pictures helps people engage with and remember experiences more deeply, according to new research.",Science
The Elephant’s Superb Nose,"Elephants’ trunks are not only large and strong, they house one of the best mammalian smelling systems.",Science
The Summer Solstice and the Search for Life in the Cosmos,"As you mark the longest day of the year, consider the debate among astronomers over whether Earth’s tilt toward the sun helps make life on our world and others possible.",Science
Finding Drama in Solitary Confinement,"The journalist Can Dundar wrote the book “We Are Arrested” while imprisoned in Turkey. Now, Britain’s Royal Shakespeare Company has turned it into a play.",Theater
Ding. Hiss. Chirp. Broadway’s Best Sounds (Other Than the Songs).,The Tony Award for best sound design is back after a several-year hiatus. We speak to the five nominees in the play category.,Theater
"North Korea, Mueller, N.B.A.: Your Weekend Briefing",Here’s what you need to know about the week’s top stories.,Briefing
"North Korea, Mueller, N.B.A.: Your Weekend Briefing",Here’s what you need to know about the week’s top stories.,Briefing
"North Korea, Malaysia Airlines, Deutsche Bank: Your Friday Briefing",Here’s what you need to know to start your day.,Briefing
"China, North Korea, Pope Francis: Your Tuesday Briefing",Here’s what you need to know to start your day.,Briefing
"Donald Trump, Primary Elections, Santa Fe: Your Tuesday Briefing",Here’s what you need to know to start your day.,Briefing
"North Korea, Amazon, World Cup: Your Friday Briefing",Here’s what you need to know to start your day.,Briefing
"Obama, Gina Haspel, Texas: Your Monday Evening Briefing",Here’s what you need to know at the end of the day.,Briefing
"The Week in Good News: Paris Spider-Man, Mosul, ‘Manhattanhenge’",Sometimes it seems as if we’re living under a constant barrage of heavy news. But it isn’t all bad out there.,Briefing
"North Korea, Net Neutrality, New York City: Your Tuesday Briefing",Here’s what you need to know to start your day.,Briefing
"Family Separations, Syria, Disney: Your Wednesday Evening Briefing",Here’s what you need to know at the end of the day.,Briefing
"Border Children, North Korea, Global Trade: Your Thursday Briefing",Here’s what you need to know to start your day.,Briefing
How Boots Riley Infiltrated Hollywood,The cult indie rapper smuggled his radical anticapitalism into his biting new film ‘Sorry to Bother You.’,Magazine
The Risky Business of Speaking for President Trump,Flacks in this White House press office are getting enormous exposure — but potentially at a long-term cost to their credibility.,Magazine
Had Two Diseases Struck at Once?,Extreme fatigue and muscle pain led to one diagnosis. Enlarged lymph nodes led to another.,Magazine
The Corporate Delivery Pie You Secretly Love — but Better,"A honeyed and tomato-rich sauce topped with pepperoni releases its ruddy grease, acting like threads of saffron in a paella.",Magazine
The Strange Case of the Missing Joyce Scholar,"Two decades ago, a renowned professor promised to produce a flawless version of one of the 20th century’s most celebrated novels: “Ulysses.” Then he disappeared.",Magazine
The Strange Case of the Missing Joyce Scholar,"Two decades ago, a renowned professor promised to produce a flawless version of one of the 20th century’s most celebrated novels: “Ulysses.” Then he disappeared.",Magazine
Letter of Recommendation: Asteroid Day,It is the one holiday that grants permission to indulge in a spectacle of imagined global catastrophe.,Magazine
How One Conservative Think Tank Is Stocking Trump’s Government,"By placing its people throughout the administration, the Heritage Foundation has succeeded in furthering its right-wing agenda.",Magazine
$1 Billion in Repairs on Tap for New York City’s Public Housing,"Along with the repairs, a federal monitor would oversee the New York City Housing Authority as part of a consent decree being finalized by the Justice Department.",New York
What You Need to Know as a New York Tenant,The city’s housing system can be complicated to navigate. Here’s a quick primer on what your rights are and how to exercise them.,New York
"Train Delays, the New Subway Plan and the Perception of Time",Officials are hoping riders will accept more time with no service in return for less time stuck on trains.,New York
Survivor of Halloween Terror Attack Says She Will Not Be a Victim,"Rachel Pharn, 26, was sideswiped by a pickup truck in the October attack on a Manhattan bicycle path that left eight people dead and 11 others injured.",New York
"Once-Thriving City Nonprofit Sputters Under Mayor’s Wife, Chirlane McCray","New York’s first lady, Chirlane McCray, is chairwoman of the Mayor’s Fund, but her focus is often elsewhere and fund-raising at the nonprofit has slowed.",New York
M.T.A. Plan to Upgrade Subways Is Ambitious. But Is It Even Possible?,The subway overhaul plan calls for installing new signals on five lines in five years — a difficult task based on New York’s poor track record on signals.,New York
M.T.A. Plan to Upgrade Subways Is Ambitious. But Is It Even Possible?,The subway overhaul plan calls for installing new signals on five lines in five years — a difficult task based on New York’s poor track record on signals.,New York
Harvey Weinstein’s Accusers React: ‘I Have a Visceral Need for Him to Have Handcuffs On’,"Rose McGowan, Asia Argento, Mira Sorvino, Annabella Sciorra and others expressed satisfaction and relief as Mr. Weinstein was arrested.",New York
Harvey Weinstein Facing Arrest in New York Following Sex Assault Inquiry,Investigators in Manhattan were preparing to charge the disgraced movie producer as early as Friday.,New York
De Blasio Proposes Changes to New York’s Elite High Schools,The city will reserve 20 percent of seats at specialized schools for certain poor students and ask the state to eliminate the admissions test.,New York
"From the E.R. to the Garden, M.T.A. Chief Holds Unusually Powerful Perch","The man tapped to resuscitate the subway also quietly helps run several other institutions, creating a web of potential conflicts. In 2017, he made $2.5 million in private income.",New York
"Mayor de Blasio’s Emails, Uncensored and Unforgiving","A trove of City Hall emails, released under court order, shows a mayor sensitive to news media criticism and quick to lash out at aides.",New York
"Arrested on Rape Charges, Weinstein Posts $1 Million Bail",Harvey Weinstein presented his passport and a $1 million cashier’s check after he was arraigned on rape and criminal sex act charges involving two women.,New York
New York Today: Barbecue Dos and Don’ts,"Tuesday: Grilling rules, upcoming TimesTalks, and a floating glassblowing studio.",New York
Giuliani Promised a Surprise Before the Election. Comey Delivered One.,Mr. Giuliani’s statements ahead of the 2016 election have led senators to ask the F.B.I. director if a pipeline exists between the bureau and the president’s lawyer.,New York
Hundreds of Separated Children Have Quietly Been Sent to New York,The federal government would not tell city officials exactly how many children had been moved to New York or where they were being housed.,New York
10 Great Titles Expiring From Netflix in June,"Every month, Netflix loses a handful of great movies and TV series, and June is no exception. These are the ones we’re most sorry to see go.",Watching
"Dovey Johnson Roundtree, Barrier-Breaking Lawyer, Dies at 104","Though little recognized, Ms. Roundtree won advances for black people and women at the bar of justice, challenging the Jim Crow society she knew too well.",Obituaries
"Dovey Johnson Roundtree, Barrier-Breaking Lawyer, Dies at 104","Though little recognized, Ms. Roundtree won advances for black people and women at the bar of justice, challenging the Jim Crow society she knew too well.",Obituaries
"Zhao Kangmin, Restorer of China’s Ancient Terra-Cotta Warriors, Dies at 81","The reconstruction of an underground army, one of China’s greatest treasures, would become an archaeologist’s crowning achievement.",Obituaries
"Robert Indiana, 89, Who Turned ‘Love’ Into Enduring Art, Is Dead","Mr. Indiana’s depiction of the letters L, O, V and E was one of the best-known images of the 20th century, widely reproduced but also widely imitated.",Obituaries
"Irving Sandler, Art Historian Who Was Close to Artists, Dies at 92",Mr. Sandler drew on his relationships with artists in the New York City scene of the 1950s and ′60s in compiling authoritative histories.,Obituaries
"Will Alsop, Architectural Provocateur, Is Dead at 70","Mr. Alsop, one of whose designs was called “courageous, bold and just a little insane,” believed that architects had a calling to inspire the public.",Obituaries
"Dr. Adel Mahmoud, Who Was Credited With HPV and Rotavirus Vaccines, Dies at 76","As president of Merck Vaccines, Dr. Mahmoud overcame doubts in developing vaccines against two threats to women and babies: HPV and rotavirus.",Obituaries
"In His Paris Apartment, Alexis Mabille Creates a Singular Universe","Known for his frothy, extravagant gowns, the couture designer has made his own a post-Revolution fantasy on the Right Bank.",T Magazine
"A Brief History of Gay Theater, in Three Acts",On the return of ‘The Boys in the Band’ and why it matters more than ever.,T Magazine
"The Ancient Art of Jaipur Block Printing, and What It Means to India","There are some traditions that are universal. Here, we highlight a single craft — and how it’s being adapted, rethought and remade for the 21st century.",T Magazine
Why Have There Been No Great Black Art Dealers?,How a small but influential group of black gallerists is correcting history.,T Magazine
Metrics Are Everywhere in Media. Here’s How They Help.,"Kathy Zhang, a newsroom and product analytics manager at The Times, discusses how analytics tools help her better serve readers.",Technology
‘I Don’t Feel Superhuman. I Feel Like a Mom Who Has a Career.’,"Rebecca Slaughter, a new commissioner at the F.T.C., brings her infant to work in Washington, a city whose work culture has been stubbornly slow to change.",Technology
How Technology Is Changing Visual Art,"Minh Uong, a visual editor at The Times, uses both low- and high-tech tools to create editorial art, but tech does not necessarily make it easier to become a professional illustrator.",Technology
"Big Day for AT&T, Time Warner and U.S. as Court Rules in Antitrust Case",The AT&T-Time Warner antitrust ruling will be watched by corporate bosses and investment bankers for signs of how mergers will be able to proceed in years to come.,Technology
"Big Day for AT&T, Time Warner and U.S. as Court Rules in Antitrust Case",The AT&T-Time Warner antitrust ruling will be watched by corporate bosses and investment bankers for signs of how mergers will be able to proceed in years to come.,Technology
Ireland’s Abortion Referendum Becomes a Test for Facebook and Google,Major tech companies took steps to prevent foreign meddling online before voters in Ireland cast ballots on Friday. Here’s how those efforts are working out.,Technology
How Net Neutrality Actually Ended Long Before This Week,"The internet was supposed to operate outside communications monopolies. Now it is run by giants — and net neutrality didn’t stand a chance, our tech columnist says.",Technology
How Net Neutrality Actually Ended Long Before This Week,"The internet was supposed to operate outside communications monopolies. Now it is run by giants — and net neutrality didn’t stand a chance, our tech columnist says.",Technology
Firefox Is Back. It’s Time to Give It a Try.,Mozilla redesigned its browser to take on Google’s Chrome. Firefox now has strong privacy features and is as fast as Chrome.,Technology
Instagram Allows Longer Videos in Challenge to YouTube,The social media service said a new video hub called IGTV would allow users to post videos up to an hour in length.,Technology
The Next Great American Public Health Campaign? Readers Make Their Picks,We asked which public health intervention was most needed in this era.,The Upshot
The Largest Health Disparity We Don’t Talk About,Americans with serious mental illnesses die 15 to 30 years earlier than those without.,The Upshot
What Barbershops Can Teach About Delivering Health Care,One reason that an experiment to reduce high blood pressure in a high-risk population succeeded is that it adapted its approach to encourage trust.,The Upshot
The Economy Can Handle Steel and Aluminum Tariffs. The Real Risk Is Erratic Policy.,The near-term costs of steel and aluminum tariffs are manageable; the longer-term costs of potential trade wars with the entire world are greater,The Upshot
Why Groups of 3 Will Ruin the World Cup (So Enjoy This One),"Unless FIFA changes course, the risk of collusion will be much higher in future Cups.",The Upshot
Why Groups of 3 Will Ruin the World Cup (So Enjoy This One),"Unless FIFA changes course, the risk of collusion will be much higher in future Cups.",The Upshot
A 4-Step Guide to Ranting Productively,"Sometimes, you have a physical need to cut loose. Tell it like it is. Yell. Scream. So be it. Maybe what you really need, though, is a ranting buddy.",Your Money
New Law Will Let Consumers ‘Freeze’ Credit Files Without Charge,Credit experts often recommend a freeze as a way to protect personal information from fraud and identity theft.,Your Money
Trump Defends Administration’s Trade Strategy With China,"The president praised his approach, and criticized Democrats, in a series of tweets on Monday following a three-day negotiation session that ended with little clarity.",Business Day
"In China, Photo of Trade Talks Embodies ‘Young’ Country Passing Aging U.S.",Social media users noticed a distinct age gap between the Chinese delegates and the American lawmakers who met them in Washington.,Business Day
"‘Diamonds Are Forever,’ and Made by Machine",De Beers is getting into the lab-created diamond business with a new line of fashion jewelry and an aggressive pricing strategy.,Business Day
E.U. Settles With Russia’s Gazprom Over Antitrust Charges,The settlement could mark the end of a long legal tangle. But countries that have long been squeezed by the energy company complained that it should have been fined.,Business Day
China Cuts Tariffs Ahead of U.S. Commerce Secretary’s Visit to Beijing,"The decision will lower trade barriers on an eclectic range of imports, but on few American goods.",Business Day
Samantha Bee Apologizes for Slur Against Ivanka Trump,"In the wake of ABC’s cancellation of “Roseanne,” the TBS late-night host hurls a vulgar insult, setting off debate on social media.",Business Day
Who Wants to Do Business in North Korea?,"It’s the ultimate long-shot, but a few companies and investors are preparing for a time when East Asia’s last growth market opens up to outsiders.",Business Day
Who Wants to Do Business in North Korea?,"It’s the ultimate long-shot, but a few companies and investors are preparing for a time when East Asia’s last growth market opens up to outsiders.",Business Day
U.S.-China Trade Talks End in an Impasse,Chinese officials refused to commit to buying more American goods without a Trump administration agreement not to impose further tariffs on Chinese exports.,Business Day
White House Moves Ahead With Tough Trade Measures on China,"The Trump administration said tariffs, investment restrictions and other measures would be announced in the coming weeks, ramping up pressure on China to make concessions in trade talks.",Business Day
"Bankers Hate the Volcker Rule. Now, It Could Be Watered Down.","Softening the rule, which prohibits banks from making speculative but profitable wagers, is part of the White House’s deregulatory push.",Business Day
Cambridge Analytica’s Parent Company Helped Shape Saudi Arabia’s Reform Movement,"The government of Saudi Arabia, trying to diversify its economy and open up its society, called in the SCL Group, a secretive consulting firm, to help plot the kingdom’s reform plans.",Business Day
Larry Kudlow Suffers ‘Very Mild’ Heart Attack,"President Trump’s top economic adviser is at Walter Reed Medical Center and is expected to fully recover, the White House said.",Business Day
Larry Kudlow Suffers ‘Very Mild’ Heart Attack,"President Trump’s top economic adviser is at Walter Reed Medical Center and is expected to fully recover, the White House said.",Business Day
Low-Paid Women Get Hollywood Money to File Harassment Suits,"A case against Walmart is among the first to arise from the Time’s Up Legal Defense Fund, meant to broaden #MeToo beyond celebrities.",Business Day
"Massachusetts Gains Foothold in Offshore Wind Power, Long Ignored in U.S.","The wind farms have increasingly become mainstream sources of power in Northern Europe, but the United States has largely not pursued the technology.",Business Day
Want to Make Money Like a C.E.O.? Work for 275 Years,"For the first time, companies in the U.S. are disclosing how their C.E.O.’s compensation compares with the pay of employees. The results are eye-opening.",Business Day
"China Cuts Car Tariffs, in a Small Offering to U.S. on Trade","The moves are likely to change little for the auto industry, though Chinese factories and German firms could benefit from slashing tariffs on parts.",Business Day
Six C.E.O. Pay Packages That Explain Soaring Executive Compensation,"One chief executive made $102.2 million last year. Another earned 4,987 times her median employee’s pay. This was C.E.O. pay in 2017.",Business Day
"In Vancouver, a Housing Frenzy That Even Owners Want to End","Facing a crisis of affordability, officials are trying to reduce real estate demand through a package of tax measures, some aimed at foreign buyers.",Business Day
An Artless Negotiation From the President Who Penned ‘The Art of the Deal’,"President Trump’s negotiating playbook is by now pretty obvious: Make big demands, thump your chest and claim victory. But some of his talk on China has a whiff of desperation.",Business Day
"Ivanka Trump and Jared Kushner Benefited From Busy 2017 in Investing, Filing Shows","Nearly 80 transactions totaled $147 million, financial disclosures showed. Ethics experts have said the activity could raise questions of possible conflicts of interest.",Business Day
"Ivanka Trump and Jared Kushner Benefited From Busy 2017 in Investing, Filing Shows","Nearly 80 transactions totaled $147 million, financial disclosures showed. Ethics experts have said the activity could raise questions of possible conflicts of interest.",Business Day
Supreme Court Upholds Workplace Arbitration Contracts Barring Class Actions,"The vote was 5 to 4, with the court’s more conservative justices in the majority. The court’s decision could affect some 25 million employment contracts.",Business Day
‘Mustang Means Freedom’: Why Ford Is Saving an American Icon,"Ford is phasing out its passenger cars, except one: the Mustang. The car may be only modestly profitable for Ford, but it has deep emotional power.",Business Day
Free Cash to Fight Income Inequality? California City Is First in U.S. to Try,"Long plagued by poverty and desperation, Stockton, Calif., is testing universal basic income as a means of improving the lives of its residents.",Business Day
Roseanne Barr Starts Storm With Racist Twitter Post About Ex-Obama Adviser,"Ms. Barr cited “The Planet of the Apes” in discussing Valerie Jarrett, a black woman and former adviser to President Barack Obama. She then deleted the post, apologized and said she would quit Twitter.",Business Day
How Marc Jacobs Fell Out of Fashion,"In recent years, Mr. Jacobs has left Louis Vuitton, shrunk his own business, shut dozens of stores and lost his longtime business partner. And what’s happening with that I.P.O.?",Business Day
"Why Starbucks’s Bias Training, Despite Skepticism, Is an Important Start","Starbucks is under fire for temporarily shutting 8,000 stores on Tuesday to train employees about bias. The effort won’t solve the problem, but it’s a good start.",Business Day
Trump’s Charm and Threats May Not Be Working on China. Here’s Why.,"President Trump threatened tariffs on $150 billion in goods, then tried conciliation. Beijing’s response either way: Rebuff the offers and avoid specific pledges.",Business Day
Andy Warhol’s Interview Magazine Shuts Down,"The publication is filing for bankruptcy, according to an associate editor at the magazine.",Business Day
‘Womp Womp’: Corey Lewandowski Mocks Child With Down Syndrome Separated From Mother,"Mr. Lewandowski’s comment on Fox News was widely criticized. Megyn Kelly, the former Fox host, called him a coward.",Business Day
Trump’s Ace in the Hole in Trade War: A Strong Economy,Accelerating growth has given the administration more leverage over trading partners. But economists warn of potential headwinds beyond this year.,Business Day
Walmart ‘Surprised’ Old Store Is a Migrant Shelter. Records Hinted at the Possibility.,An executive at the giant retailer signed a document that indicated the property was being purchased with a loan from a large shelter operator.,Business Day
How Smarter Living Taught Me to Be an Adult,"Four things I’ve learned that can help you, too.",Times Insider
How Smarter Living Taught Me to Be an Adult,"Four things I’ve learned that can help you, too.",Times Insider
"8 Cheap, Landlord-Friendly Ways to Upgrade Your Rental","Here are some affordable, luxurious upgrades for your rental that won’t make your landlord mad and are easy to undo when it’s time to move.",Smarter Living
Why Office Friendships Can Feel So Awkward,How to navigate the inherent awkwardness of workplace friendships.,Smarter Living
Why Office Friendships Can Feel So Awkward,How to navigate the inherent awkwardness of workplace friendships.,Smarter Living
Why Office Friendships Can Feel So Awkward,How to navigate the inherent awkwardness of workplace friendships.,Smarter Living
How to Deal with Overly Chatty Group Texts,"That group text with your family has your phone buzzing all day while you’re trying to work, or all night while you’re trying to relax. Here’s how to get some peace.",Smarter Living
How to Clean Your Gross Workout Gear,"Sun’s out, guns out — just wash your tank after hitting the gym.",Smarter Living
The Case for Having a Hobby,"Hobbies can help remind you that work isn’t everything. Life isn’t just for productivity, and doing something for fun can be its own reward.",Smarter Living
A Beginner’s Guide to Backing Up Photos,"Whether they’re digital photos on your smartphone or old negatives in your attic, here’s how to get started tackling your photo clutter.",Smarter Living
A Beginner’s Guide to Backing Up Photos,"Whether they’re digital photos on your smartphone or old negatives in your attic, here’s how to get started tackling your photo clutter.",Smarter Living
5 Cheap(ish) Things to Take on Your Summer Camping Trip,The gear you’ll need to survive in the wilderness. (Or your backyard.),Smarter Living
Struggle With Self-Control? Take Yourself Out of the Equation,"Instead of trying to will yourself to resist temptations, simply remove them.",Smarter Living
Struggle With Self-Control? Take Yourself Out of the Equation,"Instead of trying to will yourself to resist temptations, simply remove them.",Smarter Living
Dealing With Impostor Syndrome When You’re Treated as an Impostor,"Impostor syndrome is not a unique feeling, but some researchers believe it hits minority groups harder.",Smarter Living
Dealing With Impostor Syndrome When You’re Treated as an Impostor,"Impostor syndrome is not a unique feeling, but some researchers believe it hits minority groups harder.",Smarter Living
Why You Should Stop Being So Hard on Yourself,Self-criticism can take a toll on our minds and bodies. It’s time to ease up.,Smarter Living
Turning a Breakup Into a Positive Experience,"As you reflect on your newfound singledom, here are a few things to keep in mind.",Smarter Living
5 Cheap(ish) Things for Bike Commuting Bliss,Your stuff doesn’t need to be fancy but it does need to work well. These are our favorite picks.,Smarter Living
How to Plan the Perfect Trip With Your Significant Other This Summer,Make sure your bae-cation is one to remember — without the logistical headaches.,Smarter Living
Dealing With Impostor Syndrome When You’re Treated as an Impostor,"Impostor syndrome is not a unique feeling, but some researchers believe it hits minority groups harder.",Smarter Living
Nicolas Ghesquière Still Has Something He Wants to Say at Louis Vuitton,And he said a lot of it at the brand’s cruise show in the south of France.,Fashion & Style
"Ryan Seacrest Is Just One Man, He Can Only Do So Much in This Life",“I’m only working to eat well and drink wine.”,Fashion & Style
"Ryan Seacrest Is Just One Man, He Can Only Do So Much in This Life",“I’m only working to eat well and drink wine.”,Fashion & Style
Fashion’s Woman Problem,Why is it that an industry aimed at women and buoyed by female dollars is still run mostly by men? A new study tries to find out.,Fashion & Style
The Language of Letting Go,Solving crossword puzzles helps a mother bond with her adult child in a new way.,Crosswords & Games
